filename,GT,PT_500,PT_1000,Threshold(IoU)_500,Precision(TPR)_500,RECALL_500,F1_Score_500,Threshold(IoU)_1000,Precision(TPR)_1000,RECALL_1000,F1_Score_1000
dart15.jpg,"[[124, 27, 189, 190]]","[[181, 106, 71, 71], [176, 63, 135, 135]]","[[174, 79, 112, 112], [207, 18, 160, 160], [102, 15, 218, 218], [554, 243, 47, 47], [535, 227, 50, 50], [352, 254, 61, 61], [358, 196, 80, 80], [372, 222, 44, 44], [534, 204, 101, 101]]",0.1,1.0,1.0,1.0,0.1,1.0,0.3333333333333333,0.5
dart14.jpg,"[[97, 83, 172, 167], [961, 82, 174, 155]]","[[1007, 108, 86, 86], [134, 108, 101, 101], [508, 102, 72, 72], [828, 26, 386, 386], [925, 28, 184, 184], [975, 45, 212, 212], [108, 57, 197, 197], [920, 102, 179, 179], [418, 188, 57, 57], [1002, 176, 100, 100], [121, 324, 77, 77], [356, 352, 86, 86], [192, 316, 88, 88], [155, 315, 91, 91], [974, 315, 86, 86], [321, 385, 119, 119], [632, 314, 116, 116], [331, 320, 139, 139], [150, 532, 37, 37], [1000, 489, 84, 84]]","[[701, 105, 47, 47], [404, 103, 54, 54], [136, 83, 130, 130], [940, 123, 65, 65], [77, 129, 62, 62], [156, 52, 76, 76], [106, 68, 84, 84], [407, 36, 106, 106], [1019, 30, 111, 111], [984, 68, 160, 160], [517, 34, 299, 299], [68, 136, 80, 80], [486, 47, 190, 190], [332, 115, 511, 511], [102, 160, 128, 128], [919, 93, 164, 164], [188, 213, 51, 51], [83, 162, 68, 68], [175, 200, 76, 76], [963, 295, 79, 79], [172, 163, 104, 104], [311, 308, 150, 150], [631, 322, 119, 119], [103, 294, 202, 202], [528, 371, 49, 49], [59, 399, 46, 46], [502, 374, 45, 45], [143, 317, 60, 60], [953, 315, 52, 52], [159, 325, 72, 72], [973, 323, 57, 57], [1011, 315, 76, 76], [882, 436, 54, 54], [959, 315, 84, 84], [1054, 291, 106, 106], [987, 450, 132, 132], [109, 288, 275, 275], [318, 527, 22, 22], [636, 588, 63, 63], [154, 471, 90, 90], [536, 600, 53, 53], [609, 609, 46, 46], [589, 601, 54, 54]]",0.0039,1.0,0.2,0.33333333333333337,0.0039,1.0,0.16279069767441862,0.28
dart13.jpg,"[[232, 100, 211, 178]]","[[56, 138, 43, 43], [18, 8, 119, 119], [50, 73, 72, 72], [296, 126, 102, 102], [294, 87, 168, 168], [278, 196, 122, 122]]","[[31, 28, 93, 93], [58, 21, 130, 130], [274, 9, 179, 179], [468, 133, 60, 60], [289, 74, 182, 182], [220, 99, 104, 104], [134, 72, 185, 185], [525, 305, 84, 84]]",0.1,1.0,0.5,0.6666666666666666,0.1,1.0,0.5,0.6666666666666666
dart12.jpg,"[[135, 50, 111, 190]]","[[149, 85, 60, 60], [139, 106, 84, 84], [135, 66, 148, 148]]","[[168, 46, 57, 57], [152, 105, 82, 82], [124, 25, 107, 107], [158, 152, 55, 55], [137, 163, 50, 50], [169, 183, 63, 63]]",0.0092,1.0,1.0,1.0,0.0092,1.0,1.0,1.0
dart11.jpg,"[[165, 92, 87, 94]]","[[182, 116, 54, 54], [412, 138, 52, 52]]","[[30, 9, 56, 56], [178, 116, 48, 48], [177, 72, 68, 68], [182, 97, 66, 66], [274, 174, 80, 80], [340, 116, 116, 116], [412, 112, 84, 84]]",0.1,1.0,0.5,0.6666666666666666,0.1,1.0,0.42857142857142855,0.6
dart10.jpg,"[[65, 91, 150, 139], [557, 109, 101, 125], [901, 140, 65, 89]]","[[26, 70, 183, 183], [571, 114, 104, 104], [525, 90, 139, 139], [880, 133, 81, 81], [512, 151, 80, 80], [152, 351, 28, 28], [860, 216, 43, 43], [566, 303, 52, 52], [117, 351, 50, 50], [94, 340, 65, 65], [72, 325, 115, 115], [338, 356, 204, 204]]","[[919, 161, 48, 48], [84, 101, 126, 126], [132, 73, 56, 56], [576, 132, 84, 84], [921, 132, 50, 50], [600, 114, 52, 52], [524, 102, 60, 60], [58, 143, 57, 57], [897, 128, 57, 57], [897, 160, 72, 72], [114, 63, 88, 88], [354, 63, 224, 224], [856, 217, 47, 47], [92, 352, 52, 52], [122, 341, 59, 59], [101, 345, 61, 61], [571, 292, 63, 63]]",0.1,0.8333333333333334,0.14285714285714285,0.2439024390243902,0.1,0.8461538461538461,0.22448979591836735,0.3548387096774194
dart9.jpg,"[[154, 11, 309, 307]]","[[237, 72, 169, 169], [388, 36, 66, 66], [355, 481, 93, 93], [110, 384, 171, 171], [318, 476, 91, 91]]","[[10, 277, 41, 41], [391, 242, 51, 51], [97, 225, 46, 46], [259, 72, 146, 146], [89, 183, 50, 50], [213, 38, 63, 63], [401, 182, 57, 57], [90, 213, 63, 63], [154, 65, 72, 72], [186, 3, 122, 122], [116, 221, 90, 90], [260, 181, 111, 111], [280, 182, 180, 180], [126, 519, 64, 64], [296, 467, 119, 119], [344, 479, 94, 94], [127, 405, 45, 45], [150, 502, 79, 79], [232, 472, 107, 107], [164, 446, 80, 80], [134, 374, 104, 104], [68, 372, 179, 179]]",0.1,0.5,0.25,0.3333333333333333,0.1,0.4444444444444444,0.23529411764705882,0.30769230769230765
dart8.jpg,"[[802, 188, 187, 179], [38, 236, 114, 124]]","[[726, 202, 47, 47], [858, 191, 111, 111], [12, 202, 128, 128], [730, 254, 48, 48], [735, 218, 50, 50], [862, 231, 87, 87], [49, 361, 61, 61], [40, 384, 106, 106], [53, 526, 50, 50]]","[[777, 193, 26, 26], [664, 228, 58, 58], [862, 103, 92, 92], [873, 213, 88, 88], [45, 214, 117, 117], [786, 250, 39, 39], [782, 216, 43, 43], [898, 395, 36, 36], [728, 217, 55, 55], [266, 261, 76, 76], [48, 362, 67, 67], [40, 366, 106, 106], [306, 391, 110, 110], [72, 432, 70, 70], [51, 519, 57, 57], [770, 421, 135, 135], [905, 591, 87, 87]]",0.1,1.0,0.16666666666666666,0.2857142857142857,0.1,0.3333333333333333,0.06666666666666667,0.1111111111111111
dart7.jpg,"[[208, 146, 246, 201]]","[[302, 212, 55, 55], [170, 110, 135, 135], [232, 173, 135, 135]]","[[564, 163, 50, 50], [74, 202, 49, 49], [275, 187, 100, 100], [346, 20, 60, 60], [462, 33, 56, 56], [192, 19, 73, 73], [214, 101, 71, 71], [429, 25, 69, 69], [166, 17, 79, 79], [362, 99, 84, 84], [102, 2, 88, 88], [461, 13, 87, 87], [95, 214, 86, 86], [238, 132, 92, 92], [58, 216, 84, 84], [66, 384, 73, 73], [57, 273, 163, 163], [50, 544, 68, 68], [460, 450, 70, 70], [2, 462, 66, 66], [40, 502, 135, 135]]",0.1,0.6666666666666666,1.0,0.8,0.1,0.4,0.1111111111111111,0.1739130434782609
dart6.jpg,"[[204, 103, 88, 92]]","[[216, 122, 52, 52]]","[[257, 164, 43, 43], [219, 124, 47, 47], [315, 108, 72, 72], [210, 78, 101, 101], [24, 63, 198, 198], [241, 96, 59, 59], [183, 111, 68, 68], [244, 147, 92, 92], [245, 173, 67, 67]]",0.1,1.0,1.0,1.0,0.1,0.75,0.8571428571428571,0.7999999999999999
dart5.jpg,"[[396, 125, 187, 156]]","[[450, 161, 70, 70], [188, 81, 67, 67], [9, 50, 179, 179], [683, 82, 102, 102], [60, 60, 238, 238], [425, 120, 126, 126], [383, 294, 180, 180], [265, 363, 131, 131]]","[[437, 148, 98, 98], [746, 92, 52, 52], [107, 55, 98, 98], [687, 79, 92, 92], [54, 38, 231, 231], [659, 90, 104, 104], [186, 154, 201, 201], [306, 145, 352, 352], [26, 186, 412, 412], [296, 266, 83, 83], [441, 393, 59, 59], [255, 334, 149, 149], [367, 264, 184, 184], [400, 425, 54, 54]]",0.1,1.0,0.25,0.4,0.1,0.5,0.16666666666666666,0.25
dart4.jpg,"[[144, 60, 293, 290]]","[[225, 132, 126, 126], [118, 12, 250, 250]]","[[225, 116, 134, 134], [236, 38, 67, 67], [403, 25, 72, 72], [258, 28, 94, 94], [618, 129, 63, 63], [30, 10, 403, 403], [168, 49, 117, 117], [111, 133, 104, 104], [144, 130, 183, 183]]",0.1,1.0,1.0,1.0,0.1,0.5,0.8,0.6153846153846154
dart3.jpg,"[[302, 136, 109, 105]]","[[105, 19, 59, 59], [221, 32, 79, 79], [171, 20, 150, 150], [269, 114, 135, 135], [133, 70, 76, 76], [319, 156, 64, 64], [337, 164, 39, 39], [345, 236, 52, 52], [302, 224, 70, 70]]","[[335, 115, 44, 44], [218, 40, 74, 74], [408, 2, 50, 50], [74, 83, 58, 58], [332, 141, 63, 63], [44, 12, 142, 142], [432, 63, 63, 63], [193, 72, 65, 65], [280, 132, 99, 99], [324, 308, 43, 43], [354, 236, 32, 32], [317, 226, 50, 50]]",0.1,0.5,0.5,0.5,0.1,0.4,0.2222222222222222,0.2857142857142857
dart2.jpg,"[[87, 71, 125, 133]]","[[107, 102, 78, 78], [130, 83, 111, 111], [44, 85, 148, 148], [124, 164, 46, 46], [320, 326, 30, 30], [141, 246, 52, 52]]","[[322, 56, 45, 45], [83, 148, 39, 39], [278, 132, 46, 46], [99, 39, 52, 52], [67, 117, 46, 46], [107, 90, 91, 91], [404, 10, 188, 188], [18, 6, 263, 263], [49, 232, 46, 46], [147, 156, 55, 55]]",0.1,1.0,0.6666666666666666,0.8,0.1,0.5,0.42857142857142855,0.4615384615384615
dart1.jpg,"[[148, 101, 285, 256]]","[[230, 152, 141, 141], [123, 46, 263, 263], [19, 306, 47, 47], [179, 149, 238, 238]]","[[97, 138, 41, 41], [239, 145, 140, 140], [288, 76, 60, 60], [186, 102, 71, 71], [167, 276, 63, 63], [292, 308, 59, 59], [269, 185, 198, 198]]",0.1,1.0,0.75,0.8571428571428571,0.1,0.3333333333333333,0.6666666666666666,0.4444444444444444
dart0.jpg,"[[420, 6, 213, 221]]","[[58, 154, 34, 34], [453, 40, 135, 135], [462, 5, 104, 104]]","[[152, 22, 47, 47], [458, 29, 128, 128], [43, 124, 60, 60], [304, 164, 68, 68], [506, 0, 111, 111], [290, 169, 59, 59], [437, 100, 91, 91], [317, 27, 213, 213], [481, 98, 96, 96], [22, 76, 115, 115], [353, 261, 34, 34], [296, 213, 84, 84], [137, 150, 250, 250]]",0.1,1.0,0.6666666666666666,0.8,0.1,1.0,0.38461538461538464,0.5555555555555556
